[
    {
      "Id": 1,
      "Name": "Loose the Gutt, keep the Butt",
      "Author": "Anowa",
      "Categories": 1,
      "State": "active"
    },
    {
      "Id": 2,
      "Name": "BrittneBabe Fitness Transformation",
      "Author": "Brittnebabe",
      "Categories": 1,
      "State": "active"
    },
    {
      "Id": 3,
      "Name": "BTX: Body Transformation Extreme",
      "Author": "Barstarzz",
      "Categories": 2,
      "State": "active"
    },
    {
      "Id": 4,
      "Name": "Facebook Funnel Marketing",
      "Author": "Russell Brunson",
      "Categories": 2,
      "State": "active"
    },
    {
      "Id": 5,
      "Name": "Build a Wild Audience",
      "Author": "Tim Nilson",
      "Categories": 3,
      "State": "active"
    },
    {
      "Id": 6,
      "Name": "Editorial Writing Secrets",
      "Author": "J. K. Rowling",
      "Categories": 4,
      "State": "active"
    },
    {
      "Id": 7,
      "Name": "Scientific Writing",
      "Author": "Stephen Hawking",
      "Categories": 4,
      "State": "active"
    },
    {
      "Id": 8,
      "Name": "Vocal Training 101",
      "Author": "Linkin Park",
      "Categories": 5,
      "State": "active"
    },
    {
      "Id": 9,
      "Name": "Music Production",
      "Author": "Music Performance for Beginners",
      "Author": "Lady Gaga",
      "Categories": 5,
      "State": "active"
    },
    {
      "Id": 10,
      "Name": "Learn the Piano",
      "Author": "Lang Lang",
      "Categories": 6,
      "State": "active"
    },
    {
      "Id": 11,
      "Name": "Become a guitar hero",
      "Author": "Jimmy Page",
      "Categories": 6,
      "State": "active"
    }
  ]